<?xml version="1.0" encoding="UTF-8" standalone="yes"?>
<addon id="plugin.video.Zona.tv"
       name="Live-tv"
       version="1.1"
       provider-name="Toro">
  <requires>
    <import addon="xbmc.python" version="2.1.0"/>
    <import addon="script.module.beautifulsoup" version="3.2.1"/>
    <import addon="script.module.simple.downloader" version="0.9.4"/>
    <import addon="script.module.beautifulsoup4" />
    <import addon="script.module.requests" />
    <import addon="script.module.httplib2" />
	<import addon="script.module.liveresolver" version="0.1.24" optional="true"/>
    <import addon="script.module.youtube.dl" optional="true"/>
    <import addon="plugin.video.youtube" optional="true" />
    <import addon="script.module.urlresolver" />
    <import addon="script.module.simplejson" />    
    <import addon="script.module.livestreamer" optional="true"/>
    <import addon="script.module.pyamf" optional="true"/>
	
  </requires>
  <extension point="xbmc.python.pluginsource" library="default.py">
    <provides>video</provides>
  </extension>
  <extension point="xbmc.addon.repository" name="Toro Repository">
		<info>https://raw.githubusercontent.com/Torokodi/Toro/master/Repositorio/addons.xml</info>
        <checksum>https://raw.githubusercontent.com/Torokodi/Toro/master/Repositorio/addons.xml.md5</checksum>
        <datadir zip="true">https://github.com/Torokodi/Toro/tree/master/Repositorio</datadir>
	</extension>
  <extension point="xbmc.addon.metadata">
    <summary>Zona.tv</summary>
    <description>Lanzador web, permite ver las mejores paginas de internet en tu 
	mediacenter mediante el programa Crome Launcher. Requiere: Sportdevil, Plexus,
	Crome.launcher, para funcionar perfectamente.
    </description>
    <platform>all</platform>
    </extension>
    </addon>